Study_Hours,Attendance_Percentage,Previous_Marks,Final_Marks
8.0,88.9,49.6,63.6
4.9,98.6,89.7,70.4
8.7,75.0,80.8,68.8
7.3,57.2,37.2,30.0
1.8,50.7,94.8,51.2
9.8,61.5,87.1,64.8
7.9,56.6,48.5,38.7
8.1,83.9,84.4,74.4
2.2,56.1,36.9,48.9
5.1,75.3,94.9,60.6
4.3,84.7,73.3,54.8
9.3,79.1,72.3,65.7
6.8,60.0,35.9,51.6
8.4,90.2,88.3,64.6
5.0,85.8,31.9,44.8
3.0,86.9,45.7,60.2
6.0,56.6,39.3,30.0
1.6,56.2,80.5,45.0
8.4,96.4,42.9,51.3
6.7,69.9,89.2,63.0
7.8,65.0,72.7,64.9
4.2,74.4,32.4,41.3
9.7,83.1,30.4,34.2
9.0,97.8,33.4,54.6
8.0,64.3,69.4,53.7
2.8,96.2,82.1,74.8
5.2,51.2,45.5,36.4
1.4,77.8,85.2,56.8
2.4,81.7,33.7,43.9
7.1,55.3,82.1,65.6
7.7,57.0,90.3,68.1
9.7,71.0,80.2,54.2
3.9,98.3,75.4,68.4
4.3,79.8,84.5,57.3
5.2,96.7,32.6,48.0
2.7,90.2,43.1,36.8
2.2,73.4,38.1,42.9
5.3,89.2,62.8,52.5
3.0,50.9,78.4,44.2
7.0,55.5,71.0,60.2
4.9,91.5,85.3,70.1
8.5,89.8,40.1,47.1
7.3,61.6,77.8,70.2
3.8,76.5,42.5,41.2
8.5,80.3,47.6,52.6
8.2,93.4,76.1,70.1
4.5,80.2,93.7,64.6
3.6,70.6,69.8,58.1
7.1,68.7,33.5,38.0
2.3,71.3,70.1,50.8
2.8,82.6,32.8,49.9
1.1,93.4,87.5,58.5
8.1,72.7,76.1,46.0
7.0,62.4,41.3,54.8
7.3,61.8,36.0,59.2
8.0,87.3,41.9,48.3
5.1,90.8,93.7,58.7
6.1,55.3,59.8,47.0
2.3,53.3,81.0,52.1
2.0,79.7,71.4,54.8
7.0,57.3,67.2,46.1
5.2,91.2,39.4,52.1
6.1,65.5,91.5,69.6
7.9,57.2,49.6,36.4
6.7,96.0,67.6,68.4
6.0,58.3,75.5,71.2
6.0,64.2,72.2,58.1
3.7,57.7,91.1,59.0
1.3,55.8,39.6,34.1
4.9,51.1,63.0,52.6
2.9,52.8,56.3,31.5
4.7,58.7,60.8,50.1
8.7,52.7,37.7,38.5
3.1,79.6,38.7,55.5
1.5,84.0,48.1,45.0
3.5,69.7,49.8,57.2
3.6,65.9,57.8,40.6
7.0,75.2,69.7,63.6
6.0,93.8,71.3,66.1
8.1,92.6,56.8,53.1
7.0,52.2,56.6,49.1
4.7,59.1,44.1,50.0
8.3,61.8,68.2,54.6
2.5,62.5,50.6,31.2
1.2,78.6,32.3,37.3
1.8,70.8,57.2,41.0
7.5,52.5,60.8,48.0
5.2,68.7,44.7,44.1
2.5,76.2,67.2,41.9
5.5,55.1,66.8,40.3
2.4,91.7,75.6,64.8
7.3,52.6,72.1,51.6
5.0,96.2,72.4,46.0
4.4,55.0,50.6,48.6
3.7,92.2,81.2,67.4
6.7,95.1,65.7,57.4
4.3,99.0,58.0,48.1
1.8,90.1,70.7,64.1
2.1,89.0,53.4,52.9
9.7,82.1,63.3,77.8
9.2,88.9,77.9,71.9
7.3,56.7,87.6,66.0
3.4,76.8,89.9,64.0
9.7,75.7,62.7,65.1
8.0,92.9,63.8,66.7
7.5,73.1,82.0,73.8
5.0,69.3,50.4,43.7
3.5,82.0,84.4,61.1
1.9,63.3,62.1,44.4
9.1,57.0,37.5,48.3
5.1,73.9,34.7,51.9
2.8,70.8,84.7,57.6
3.8,61.6,33.6,33.5
6.2,68.4,48.2,49.5
2.6,68.3,51.7,43.4
8.7,66.4,41.2,53.0
7.8,69.0,50.4,34.4
7.5,84.3,78.3,60.4
4.9,64.8,31.0,31.8
6.6,97.4,83.8,54.8
6.3,95.8,85.7,64.3
6.8,74.0,54.2,45.7
1.8,66.4,40.0,37.0
4.7,76.8,69.1,65.0
1.4,92.4,37.8,41.8
5.4,82.6,53.7,45.3
4.0,90.2,92.3,69.9
2.3,76.6,94.7,73.5
1.9,81.6,80.2,53.7
6.3,64.4,50.2,40.9
2.5,86.7,74.7,63.9
9.3,60.1,75.9,59.4
6.2,84.7,55.2,59.1
4.1,93.0,71.7,61.7
6.3,56.6,30.7,41.5
1.2,80.7,43.6,35.8
9.6,54.8,64.1,54.6
5.3,86.3,40.6,46.0
8.0,54.2,40.8,33.8
1.7,96.8,84.4,55.0
5.4,56.9,94.3,69.1
5.4,97.9,66.1,59.5
9.4,90.0,84.5,65.3
6.1,79.7,94.4,70.2
5.3,89.1,39.2,55.3
3.4,89.8,59.1,38.7
4.0,97.3,55.5,45.0
5.7,62.7,35.2,33.0
5.0,79.5,79.1,72.9
1.2,54.8,58.2,45.1
8.4,80.8,60.5,63.7
9.1,58.6,39.8,36.1
2.3,78.2,41.8,34.9
6.0,78.6,89.0,71.1
2.0,73.3,32.9,37.6
7.1,76.1,45.1,52.6
3.5,88.2,49.0,48.5
6.9,90.0,61.9,61.6
7.5,74.6,68.1,60.3
7.9,80.0,62.1,63.7
2.0,96.6,35.5,49.8
9.2,56.0,45.8,35.0
3.1,55.9,84.8,41.6
1.3,54.4,71.4,56.2
6.0,82.9,72.2,69.8
4.3,70.9,73.6,50.2
8.5,88.7,79.6,55.9
8.3,83.6,33.8,47.5
3.9,66.7,53.8,53.5
9.6,94.9,65.1,77.6
3.6,88.1,52.0,54.8
5.6,63.5,84.9,59.4
3.3,68.2,61.4,43.9
9.4,65.7,80.0,64.4
2.5,57.9,85.4,55.4
1.4,57.4,62.8,39.0
4.9,96.8,89.1,85.8
9.9,71.9,68.2,73.6
9.0,69.2,85.3,75.1
7.7,86.5,52.1,48.8
9.0,77.6,62.4,65.0
9.0,96.8,64.5,69.2
5.7,89.0,36.8,49.9
3.8,74.0,55.9,58.4
7.9,68.8,89.6,72.3
7.0,99.3,71.0,71.3
4.4,85.9,41.5,51.2
1.9,97.6,52.0,54.1
7.7,55.9,42.5,30.7
3.4,92.5,31.6,43.5
9.4,81.9,90.3,69.1
3.2,56.1,59.1,37.0
2.1,79.4,50.0,58.3
8.5,84.3,68.9,75.1
2.4,50.6,30.5,40.4
2.6,72.7,48.1,46.3
6.4,91.3,75.7,75.0
8.9,64.8,71.2,59.6
2.8,72.9,93.8,66.8
3.8,72.1,70.3,48.0
